Thumbnail,Folder Link,Material Name,basecolor,normal,ambientOcclusion,height,roughness,metallic,opacity
https://drive.google.com/uc?export=view&id=1Uf7rLk35up6nZmUR8DDhAthcucWcfuMO,https://drive.google.com/drive/folders/1rS_IAB5g2qtSaBMk1dqXfTSneto1I_Nu,Metal_Corrugated_018,https://drive.google.com/uc?export=view&id=133PMyxxcNCPYQKpGu6A_ysN7bL0-V0_J,https://drive.google.com/uc?export=view&id=1LlxqvtzTx4nBKf7VUe41g4sg5Zd2loqB,https://drive.google.com/uc?export=view&id=1TX1aHz_FZOAwfh2P-BPuhAO322SPm4pf,https://drive.google.com/uc?export=view&id=1JHScjxl0vDiQ1imYKlBxj6lBGujfTTVQ,https://drive.google.com/uc?export=view&id=1QqOm-0pveSnJgWOzpYaXp2f3D7Iqnbre,https://drive.google.com/uc?export=view&id=19Utc3U8BuFkGFnycBb7XI1sVbQI0hwje,
https://drive.google.com/uc?export=view&id=1Lj2LTBukchTJt2jKGvKEqMvVZGd8LJqj,https://drive.google.com/drive/folders/1ovz8Ym4UPmDc5KWvbQmVRc8YaJanikWO,Metal_Armor_Pattern_001,https://drive.google.com/uc?export=view&id=1Yoe075GeMKALnwtbaWwl78b4aRwRo4DV,https://drive.google.com/uc?export=view&id=1kfgFSZjuHjz4sYg85huO72A5srgWcKLG,https://drive.google.com/uc?export=view&id=1P-m6Ft8vzdR3803kWuosVPfNSA-ankBy,https://drive.google.com/uc?export=view&id=1799qkmb0zGFFLOilIPavzd_4RS0yp5jX,https://drive.google.com/uc?export=view&id=1CaE-MIZFIGdqGPifmNuxdSOW58CitCat,https://drive.google.com/uc?export=view&id=1UdES-yvM7cmm_lYgA6wOjDRjTGq8bgMY,
https://drive.google.com/uc?export=view&id=1yXpYbL8S0TlALVJHLnxemhJJli_4ifAl,https://drive.google.com/drive/folders/1NlYWTLK9VST9dRmS2u-VaGhy3vmcf1r_,Tiles_Subway_Wall_003,https://drive.google.com/uc?export=view&id=1OPFmyfcb_KbEq29eNVoQVemwALe0Ls0l,https://drive.google.com/uc?export=view&id=1ENPMvMMw5YVJix4tg8x60VoAb29Npxpj,https://drive.google.com/uc?export=view&id=1gI94cu8zGa5nmNMlVCQi2gvfIfVW7gqm,https://drive.google.com/uc?export=view&id=1uAJ_L_Xc5n-pK3MzlQatWDVKpRAHdAh-,https://drive.google.com/uc?export=view&id=1A_PM35FDcVVV9y9V1BQBF1did_yPijnz,,
https://drive.google.com/uc?export=view&id=1W0TA-kn20xryBwVp6-mqdzJ9Dyg0JAU_,https://drive.google.com/drive/folders/19moOumYK1o1XkspCbCZ4eIPWHcJBCF41,Tiles_Subway_Wall_004,https://drive.google.com/uc?export=view&id=15WpDFyxrk4yc7M_TYRbNfqiqDk0W4JE1,https://drive.google.com/uc?export=view&id=1jlrjFiEcuTjioQ-WNf5AN6F8IVZy4DP4,https://drive.google.com/uc?export=view&id=1XvgI0DRv6xyEGevCgGGoiAVRYhoaeDN1,https://drive.google.com/uc?export=view&id=1kqOdVVdmR4lZRoWiNMcQKP1hCRuSda0u,https://drive.google.com/uc?export=view&id=1BWV5PGxqVebQkI9Zz7IVx9dRYnOHVn2q,,
https://drive.google.com/uc?export=view&id=1jSVBW-eCXqb8o0jqlZ_UOVnZHoBkLWIx,https://drive.google.com/drive/folders/1NWYxucwUeYrt2EBA1wjL_AZ6zxq7mbHm,Wall_Stone_035,https://drive.google.com/uc?export=view&id=131u5zQ5Xf3m2frEw1__VJpB0-hrEed5S,https://drive.google.com/uc?export=view&id=1C9wVwIhgJV_qPDl1Ho1wuWtFcNkUOAez,https://drive.google.com/uc?export=view&id=1ml1iKSQXgzr5EhdGeDH2CE3y3Ntp7lPU,https://drive.google.com/uc?export=view&id=1QsnsGZi2EfEdchrBBoI1JakryBqqPKFI,https://drive.google.com/uc?export=view&id=1mjB9QkqIe_5WuRe9erjDRm4zDpA65X4g,,
https://drive.google.com/uc?export=view&id=1NkAaFBNFTwPMTWDvIFWbdSGirlRtUjbP,https://drive.google.com/drive/folders/1FjNFgRyYtOLgLA45kIQp7AaXzFqgxyXs,Stylized_Stone_Wall_004,https://drive.google.com/uc?export=view&id=1N1uYgyXD-gMbPQAuChQHdv7QqnpY8Qju,https://drive.google.com/uc?export=view&id=1ZDAZozxC_llN1nuxiYhFPXBrKQC8s-qu,https://drive.google.com/uc?export=view&id=1812UAnkbz9g47lz60T7wEzHHzoJLo5Wi,https://drive.google.com/uc?export=view&id=1GZU99e4X7vSsQ4VETZ_zuV88Dxpxs5aQ,https://drive.google.com/uc?export=view&id=1yiUzB2pDOOnEEGw6GeZ_oTRj5ZvKZhNB,,
https://drive.google.com/uc?export=view&id=1ZxzhRQj2s5mUXPmsAlqUrVhi1StlvJzo,https://drive.google.com/drive/folders/1PwlesFYnfxPnZwBpdnLT6MEHqciFbkuI,Stylized_Sci_fi_Metal_Panel_001,https://drive.google.com/uc?export=view&id=1ZMoH30d8ZgF6v9BN8MY6lpLpMYSlzBRu,https://drive.google.com/uc?export=view&id=1HaXQGZY9NH96a3mioPR712BCp2mQFIVY,https://drive.google.com/uc?export=view&id=1gqmBt5iZz0MrwDEMgEt4jCo8b04cgqHp,https://drive.google.com/uc?export=view&id=146yuz29vHQPVO-2UXqRR6XGGel6XF24q,https://drive.google.com/uc?export=view&id=1lMJF4cC26uddkW48wvQq3qlw2zf1aewX,https://drive.google.com/uc?export=view&id=13ZxFYFs2IREY4oCw3EMbkkQPHgHOsX8C,
https://drive.google.com/uc?export=view&id=1-JXOLU76WP_Ea-xBNxhyp5ow1QEBubjA,https://drive.google.com/drive/folders/14y0bfgPiG-wAjjs5qXyOYuCH86hPtg0k,Stylized_Water_001,https://drive.google.com/uc?export=view&id=1EUal09ofb9D-mVU9YqQg3DfNIornGuqC,https://drive.google.com/uc?export=view&id=1p09UkF5PmxMSjf6VpH1mD_bJQhXxJYGT,https://drive.google.com/uc?export=view&id=1mB-vLjlc8nuUocDmeJEr9-cuZHme9G_f,https://drive.google.com/uc?export=view&id=1NU-6znoef1n_glb7qewCdreE5eBlHsDZ,https://drive.google.com/uc?export=view&id=1ms7dAQpLlUyyLvOQ4-45-xNt9nMOsoWx,,
https://drive.google.com/uc?export=view&id=1MfO1oDbpgm5_pfCJm5Ub5QeTwr8eZIa1,https://drive.google.com/drive/folders/1wxDrzaSw8zGwqm_GpZ7wtFsW7o34iGib,Stylized_Leather_Patch_001,https://drive.google.com/uc?export=view&id=11oxdQyrUoBoFi7955fNSVUni_M4S0n0F,https://drive.google.com/uc?export=view&id=1N2ULt3ueo6PifaEllbc5QYiWWLk7LTsP,https://drive.google.com/uc?export=view&id=1_fP-ta360sxIGXr74cINsVBv-AIo6xir,https://drive.google.com/uc?export=view&id=1aIYmcOsWAAlPkgjwuplLKf3uG7Tu2cCX,https://drive.google.com/uc?export=view&id=1O1JYFnHbZhX-E_AjdE6Wx7RQihWcpVzi,,
https://drive.google.com/uc?export=view&id=1ZPK_kQB22o0Y4SihrtgZzBi8wprqkLFy,https://drive.google.com/drive/folders/1yChP5bxbgYPj5GbAbVA7hHGLZqKCPTnv,Stylized_Stone_Floor_012,https://drive.google.com/uc?export=view&id=1PIvBvnhFdbuls13WvGdlif08eqhZYIXd,https://drive.google.com/uc?export=view&id=1Gmy7cZEvHU6iUpAY4QliIyzR4QZjz0pH,https://drive.google.com/uc?export=view&id=1KgVlXR1p4j7r4MhN86rDLKyOn95pyb_s,https://drive.google.com/uc?export=view&id=13A3_evUlA7IfUHfcEQ5a-hGcL46v25hk,https://drive.google.com/uc?export=view&id=1Cqu3svKTw3BrEARgSZj3pw2zhxH3SXp0,,
https://drive.google.com/uc?export=view&id=1kFBC8gcGMHOiYVEos83hfQW0QpCeH7jQ,https://drive.google.com/drive/folders/1FJVSGbBYJnVpMvZPTaMA--PJfblIlBwA,Stylized_Stone_Stairs_001,https://drive.google.com/uc?export=view&id=1xJYB_NoShhx5ky64Q_1FHnO_P5I5Rbaw,https://drive.google.com/uc?export=view&id=1Qh4bzEW-Jql8R2ft-rZxrt-KIzblF_Nv,https://drive.google.com/uc?export=view&id=1tggrnxOLBxRfOPR-UmY6dJ2CKIDTVETu,https://drive.google.com/uc?export=view&id=1WeN9vlNNXj7Q5Xg4AXsPvXOwwLWjzJkA,https://drive.google.com/uc?export=view&id=16VtNGPJxR9ul_8O_0IxFAQgKn2DQjDil,,
https://drive.google.com/uc?export=view&id=1MaoLij3idvzM97Coe6Nos6dPCgCFZxSX,https://drive.google.com/drive/folders/1YhlAs8hX-CUbWHik7_yN6JzK2C4vdXW-,Stylized_Roof_Tiles_003,https://drive.google.com/uc?export=view&id=1kBILS-IGnpmBrrcQOvA7axHSJoHRjtU1,https://drive.google.com/uc?export=view&id=1KhHybF5tARwzKXlcZyR-L0AQxICVIXqs,https://drive.google.com/uc?export=view&id=1RbbZdS_NA9WF7WxLOXWBU1IX_17uU4ZM,https://drive.google.com/uc?export=view&id=1oGi896sbsdoscCarZ1R3PeZ4aiK_gKMJ,https://drive.google.com/uc?export=view&id=1h_ohmgwZbvdw6xL5jHFzO6aeluj3QzTe,,
https://drive.google.com/uc?export=view&id=1zC6kZlEFw82lW3ziVRqcIxV6TOchmcLQ,https://drive.google.com/drive/folders/1tu_AAulxMTda5vIYEhbaGqSae-7sowBQ,Stylized_Round_Stone_Tiles_001,https://drive.google.com/uc?export=view&id=1z4FvVOPW_Ow_fpA-T3iM7BZwNJr2TLC7,https://drive.google.com/uc?export=view&id=1oU8hdzcM4tRenngSFvGhNmNuWVsBAIQX,https://drive.google.com/uc?export=view&id=16n_PGjlJb8oZTZ2Vm2b0KpT9hBn0Qn08,https://drive.google.com/uc?export=view&id=1AcaJtAnB-2Cb-qMcuXlviQg83clXSbby,https://drive.google.com/uc?export=view&id=16HNLC5GryiUt6mDxv5X_Q7pb2g6rDcpz,,
https://drive.google.com/uc?export=view&id=1Az3ED9ugekk5wL_TY3-Yp6fbeYebDIl_,https://drive.google.com/drive/folders/1YkiTyVDijJthfBTcYKUPkjTPuOGZjKao,Stylized_Stone_Floor_011,https://drive.google.com/uc?export=view&id=1SqWKdUSZh58iB91mmcrF35h0gwo89222,https://drive.google.com/uc?export=view&id=1E6_tTdKVT0j_XSb6AwRuW-lR4FjAQVut,https://drive.google.com/uc?export=view&id=1Jyt53-S9693xMPJggfJ0Yl2ZT2bpSFal,https://drive.google.com/uc?export=view&id=1LvcBvUsGo5iG4RIWGHhO4bKU6qVzHhTj,https://drive.google.com/uc?export=view&id=1F5QrR_6W0EjX6uw0ZXmDjUbq4JcORRtO,,
https://drive.google.com/uc?export=view&id=1r1Mu4RbHeDKgSE5WV5yFMd_gt7wlrTKn,https://drive.google.com/drive/folders/1_HerwpFDM4lkjny2c1NpkR_81YYEXxUp,Stylized_Stone_Wall_003,https://drive.google.com/uc?export=view&id=1yBdDF_tD-eVE_5Et6cHVnriOMDFwM8Dw,https://drive.google.com/uc?export=view&id=1I1giVA1BrYEAnEeENYEruxTmOkdAb-7x,https://drive.google.com/uc?export=view&id=178vRp8mv3luakkLg6zrVfaz3-lXfUzhI,https://drive.google.com/uc?export=view&id=1EAanQXBGh1brRg1AciugFp9QVwBXnEYC,https://drive.google.com/uc?export=view&id=1yA5a0zNV0AKr1CtUbSq3JGvmJa9FWDxJ,,
https://drive.google.com/uc?export=view&id=1Bzi5NcSbpOGbpTpq4iY4olYT0aFF8Ci5,https://drive.google.com/drive/folders/1v302kkv2fx9JlSWB9F6q8ReItX9PArY6,Stylized_Wood_Planks_004,https://drive.google.com/uc?export=view&id=1UXS0uflF9h3RQsx89VTjs5GjBuIziGb6,https://drive.google.com/uc?export=view&id=1qgQCDz1CZifW_PPzI8qEvBlgUmZDQm-h,https://drive.google.com/uc?export=view&id=1gv6-4K61gUtPaWuOcIQvrDgZ6-BjmbRC,https://drive.google.com/uc?export=view&id=1ONpbF1W8eTz5JQJE0bqV-VHLQsCMqrxd,https://drive.google.com/uc?export=view&id=1xOtpgOeTuW3DrWdpQlVFxm6SWtV6Yhka,https://drive.google.com/uc?export=view&id=1vhlYgTlboiOYSAvn2irQhnYqNRGhsE5P,
https://drive.google.com/uc?export=view&id=1Y4--cQb_HRxCLTtDoleyAmWgaUVawsA1,https://drive.google.com/drive/folders/1_jBU2muoAYPkhxQy05kC0B7799GeyDxw,Stylized_Terracotta_Tiles_002,https://drive.google.com/uc?export=view&id=1QCS5V2_4kkBHi2JH9OFWkHWCQosgMkQw,https://drive.google.com/uc?export=view&id=1d8eR5pjYxRtqSN5rnsRvldMkDtf0Mqph,https://drive.google.com/uc?export=view&id=1gmIZPaArsY4IWCNHacRboei9vJQlc1KH,https://drive.google.com/uc?export=view&id=1r0T4kqM9KOXMFr-Xh-zAafsjKlFSMVnw,https://drive.google.com/uc?export=view&id=11OFNVL625qfaaP_C-W_MHZOFtz3Eu7XO,,
https://drive.google.com/uc?export=view&id=1-I_OEhZpM5S54tsDq5k1vsRxkx3JEJYA,https://drive.google.com/drive/folders/1SOJLKfn2Sj3e7-nZlhyLRcTFT-wkZds7,Stylized_Stone_Floor_001b,https://drive.google.com/uc?export=view&id=1o3jKLfRE65ge1IVgxUSrjYnLNry7qRkJ,https://drive.google.com/uc?export=view&id=1avYc51yDJNmHkQAwCBKIWW5rh-w1CDgZ,https://drive.google.com/uc?export=view&id=1E-D51GhtZl3aR-krc5F_IgMm1SZNW75k,https://drive.google.com/uc?export=view&id=1W7mXQK6yTFUlCr6BLtxAw8zKcWxSyvq1,https://drive.google.com/uc?export=view&id=12OaRot_C-xAHZprfxKdZFr5Pnw6Oi1K-,,
https://drive.google.com/uc?export=view&id=1dFVJMKofAl1f7egcQ0gewI8vF5vIyklk,https://drive.google.com/drive/folders/1DMwpaN-Roxt65W_i-9WPOXilpzwwYHXi,Stylized_Scales_003,https://drive.google.com/uc?export=view&id=1ziaR2lOYNsvZIQUAocr3mJU1_uVjSk8T,https://drive.google.com/uc?export=view&id=18ajMyUIK_HYYiB2oyCoWNqlNi__J6J8g,https://drive.google.com/uc?export=view&id=1OfuN9FkXG4zLnNKbeYXGFMiirTJtS6Hp,https://drive.google.com/uc?export=view&id=131R1_S3iRapr0PBgFPvvekq4l1IiBwVM,https://drive.google.com/uc?export=view&id=1BNt9k72rRyFz2hf0_MpztyXyQsb0H7Fu,,
https://drive.google.com/uc?export=view&id=1FNo0doMxM5iU5NZn35V9ml5p8ueLi09O,https://drive.google.com/drive/folders/1j6tUTQtWLogSpb6niazN8m6GaHpOZVYv,Stylized_Metal_Shingles_001,https://drive.google.com/uc?export=view&id=1jjHbBm9Vtkd3YEJS4534jfq659xBmRaZ,https://drive.google.com/uc?export=view&id=1tCqshQo7F39MjvKcmLhUh9kXAXH7xzUU,https://drive.google.com/uc?export=view&id=1kof5LgT8zev1D1xTzw5IwTMi_lco9glw,https://drive.google.com/uc?export=view&id=1QebQVTOKg4JRl3DBrRuK3hpQfGMVsyZM,https://drive.google.com/uc?export=view&id=1sdfnOAaywDTFM-ytR_IUAp6lddHR0b9o,https://drive.google.com/uc?export=view&id=1zJvdR7shwyy5Nbds12oJurni-l_WdnYp,
https://drive.google.com/uc?export=view&id=1GACYvQZ_AqzjQe_39yrfGims81ESjV4Z,https://drive.google.com/drive/folders/1qi0jrA3rvekomgNMovY4d5hZy_VaL7UH,Stylized_Stone_Floor_006,https://drive.google.com/uc?export=view&id=1LPwYsTEqAIVu1I8YGdcqspmVGicAZa0g,https://drive.google.com/uc?export=view&id=1V2yDRH7UOq98Ynk1zuvsQj-EsKvny4qW,https://drive.google.com/uc?export=view&id=1Vetg2Pl7sKo7dk1G13ftX6qDwWV9TfqP,https://drive.google.com/uc?export=view&id=1xEfL-LsrjDp2dyhXO6LWSZeFye1dYWyt,https://drive.google.com/uc?export=view&id=1eABpVotvr1NDeJRSeLcmKkMklFeCldNZ,,
https://drive.google.com/uc?export=view&id=1ihk8O5ZfZ53QLKVokcrvVZbfue5QRycy,https://drive.google.com/drive/folders/11iN3ZyVnMMYOXxmDekzduMnGNaBkuJOe,Stylized_Coins_001,https://drive.google.com/uc?export=view&id=1Com3q-ykik1hcqfSwjdv9Zi3NQ6FRb-F,https://drive.google.com/uc?export=view&id=1c55wUmBzAfWzWnf_cuiro1TfxYvb5tXR,https://drive.google.com/uc?export=view&id=1O2KQAZ5oyfGR36lepHmTfJL5gcXC3qAd,https://drive.google.com/uc?export=view&id=1GdaMTpAeVyoUssOkgfeIBGADAhLzTdsz,https://drive.google.com/uc?export=view&id=1hS5Nr1TVyt9eMPKG96-Zs1CD2kpSuEGD,https://drive.google.com/uc?export=view&id=1tmdwC0LpZYUGreGp2W2t7TYXccleXu2e,
https://drive.google.com/uc?export=view&id=1vqUxJJ7zipT3Bc_d-upSbA6QyECzPYH2,https://drive.google.com/drive/folders/1qgFtHobpIcMPwUhu6jZb23WHhX_JUxLF,Stylized_Metal_Plates_001,https://drive.google.com/uc?export=view&id=1KC7pLAkvs8CEHhsC1rNQ_3w0P2rn3m6V,https://drive.google.com/uc?export=view&id=1B5TgSuxYm9mlw0YqX4D12W7zQ9jbOawX,https://drive.google.com/uc?export=view&id=1rsuGd--w69rk6O53MU_v72q9ptTiTlq1,https://drive.google.com/uc?export=view&id=1L32Irrrt4X1q88fbwgJmrUsRaKpkCMuu,https://drive.google.com/uc?export=view&id=1QSQjMSQHhclGQBGLhmQTL123zk0JxoL7,https://drive.google.com/uc?export=view&id=1NzCZILyziIr2nzZsHRNg6D5m3-EbIvxy,https://drive.google.com/uc?export=view&id=1eORtMiJKLF1wz3RYPwQPsvLogkbdIgKF
https://drive.google.com/uc?export=view&id=17eNGHOAIZkR7Fp2HAxiqCPz6MRsPOqeV,https://drive.google.com/drive/folders/1HHfebswlthNmqaFEbHkxCasWhn3Au6QT,Stylized_Ice_001,https://drive.google.com/uc?export=view&id=1OrCqo0RcXNZHXazo-6dJYs2g5unRpDFe,https://drive.google.com/uc?export=view&id=1oxyOgf4emM9icG1gQILAQ8lz-VQUWxJa,https://drive.google.com/uc?export=view&id=1tOnaS8STwaSo1GeWL-TszoIbEOX9JFWS,https://drive.google.com/uc?export=view&id=17pKF3EAWhLqT_V4O7ntnpKrEM4U-aPAY,https://drive.google.com/uc?export=view&id=1AT8Lwuzuu2qY8kdvgTcUEf88ysmXY8Ba,,
https://drive.google.com/uc?export=view&id=1wYbDfiFZmm4syI43Eot6BUtD6b7F6lql,https://drive.google.com/drive/folders/1WQTWawbGuN0Cynm0z-77ki9oWT3L2MsB,Stylized_Wood_Planks_002,https://drive.google.com/uc?export=view&id=1V2i9qqM7jRp2hoYBdG7p2Xm78G9Gnbi0,https://drive.google.com/uc?export=view&id=16hRWjRroMjw0uFUkWq_1iOJ2_-X9OUfa,https://drive.google.com/uc?export=view&id=1dJ0zi9T55KS2lWNeSSdlhBT8RcxEj5ud,https://drive.google.com/uc?export=view&id=1yfUkkMmsBICe8TWf57dYNP1mEKeMe6ZD,https://drive.google.com/uc?export=view&id=1K_tzAoSb8GXAxEDrfB85iyDrzBKDZ-JC,,
https://drive.google.com/uc?export=view&id=1jgDEjbdNIFWc_yVX3_T1mJ7uGnioMtlJ,https://drive.google.com/drive/folders/1UnYbeitmUE8tYQYi9X08FUAz8vw0H9iJ,Stylized_Roof_Tiles_002,https://drive.google.com/uc?export=view&id=1ndjvgHaugjAGXF2KRua7__lgQro2uidz,https://drive.google.com/uc?export=view&id=1dhODD_DwZhNhvHJeEPkrtVIlrwhHD3Wq,https://drive.google.com/uc?export=view&id=1xxMJME1uJKJ1uW6N57oaYW-VOFiSTMSE,https://drive.google.com/uc?export=view&id=1bZbUPeGx7H6b0n8dIgE2JRTeOqnczVGk,https://drive.google.com/uc?export=view&id=1LnwrgZlrprS4LQRm5Gj5C6hi9UdpMjuc,,
https://drive.google.com/uc?export=view&id=13_d8vNmk3GfiDLdg4W9s-bIRl8m4YoEG,https://drive.google.com/drive/folders/1coxPDsMPPg_0brz6IeTo6RD77nB3zLsf,Stylized_Rocks_003,https://drive.google.com/uc?export=view&id=1F0i7Igd7UIICddFMg9LCUMV6vAE1VJ1d,https://drive.google.com/uc?export=view&id=1VxZmh7XWb7FRYZELh9nwTdBQQZfWaoBT,https://drive.google.com/uc?export=view&id=1mJqfX7kDa3H2dbnTZC7KCguc_uLejGr2,https://drive.google.com/uc?export=view&id=1I84Yxva5bWiU8gHgn4-yNsFJzLZXABgb,https://drive.google.com/uc?export=view&id=1vmSdet87amqcKI27D7U_eHl9yzT1oCDf,,
https://drive.google.com/uc?export=view&id=1H_CDtoRn4dcPXwWxulKqDAV6N707OxAA,https://drive.google.com/drive/folders/19hdgYptz7ScrbzAkiLI3dGY9z0XgBRRF,Stylized_Stone_Floor_008,https://drive.google.com/uc?export=view&id=181kONqipQuOxj1QsTLxj-Lq-2dAbAWJD,https://drive.google.com/uc?export=view&id=1K78ikIKkYrtL372peTCBd0MSb77yn8Gp,https://drive.google.com/uc?export=view&id=1cg8kvZhYKhajkbLjhUYZ0hM7gM2oPUWA,https://drive.google.com/uc?export=view&id=1GW0wVy5iLScbj-lKiAx5roClwgGaRfpy,https://drive.google.com/uc?export=view&id=1oCaLxCfqXhnZOIqZs7K68D6ak81LNQ0y,,
https://drive.google.com/uc?export=view&id=1x-RsifXTkKsfSKfmu56e8P2QrtC1wDV1,https://drive.google.com/drive/folders/1Vb6J6JLVIQ6zVV4POsFu-N7oW-fKnykW,Stylized_Metal_Pattern_001,https://drive.google.com/uc?export=view&id=1ATxwk3kkQrIVzR_-P9LViqavzry5KUJU,https://drive.google.com/uc?export=view&id=1gvb_YMrbSjZKoFKUSybJUvARAbDnGCjz,https://drive.google.com/uc?export=view&id=1UDgYc3xdcB18cz_uslvgqNR_7Xxlgmwn,https://drive.google.com/uc?export=view&id=1IN2PUCuXeKAjnvH0uDZ6AEhVfDV29TCV,https://drive.google.com/uc?export=view&id=1AisA4olCMkd-SKmzOR-V80pZirBQLDOc,https://drive.google.com/uc?export=view&id=1OA-jXGqRKGMje-gn1ENCj3e5p36MZHpM,
https://drive.google.com/uc?export=view&id=1vyo33DcG3PfTfLDzinv97IxpzkpNSHxj,https://drive.google.com/drive/folders/1H_Sauyu2U75QOybvEGAsgmHdMTe7RWs1,Stylized_Roof_Tiles_001,https://drive.google.com/uc?export=view&id=1aR6dtUMBNXS4ks7SX3NYUqyruZ8cY5pc,https://drive.google.com/uc?export=view&id=1TDz_7KO70Fh7DoUtzbwG7NN5aPlRmNdA,https://drive.google.com/uc?export=view&id=1y8lIWk0yzrfxtdMYcmTU2OPXcZbfwJ8S,https://drive.google.com/uc?export=view&id=17_dvuHEumJ1X2wao1oFem--c22kWX3oa,https://drive.google.com/uc?export=view&id=1qH0H3M0mRelaThNN7jyTMPWRutx17rOc,,
https://drive.google.com/uc?export=view&id=1MOgW3VQq56i775UmqTNFeJ8bcp-4rgFZ,https://drive.google.com/drive/folders/1O_JvySoOwmcDOwmmcPdNFHpK_atqGJ5M,Stylized_Ground_002,https://drive.google.com/uc?export=view&id=1xpcUSiGpQWr2jG5W48M5JTOGVhyPCysK,https://drive.google.com/uc?export=view&id=1Ga3nAPTx_JyH16B3sdIzBMiSTe5oenZw,https://drive.google.com/uc?export=view&id=1q6nBwFKkRJ3ibqGIC-plBaZYiHbkLOH9,https://drive.google.com/uc?export=view&id=1gYV4uiiY0yzbszZcx6mUwV7D8OgQhpCJ,https://drive.google.com/uc?export=view&id=1kXsKmdKdjhXaXiTS1bAPPiaUmkmTjwsj,,
https://drive.google.com/uc?export=view&id=1zGxSCsdZ4jcMtUyZTG9USRQk_kbu6z4X,https://drive.google.com/drive/folders/1tXyOXhBAiWZBke5UvnFNM8PK181pNNDc,Stylized_Tiles_002,https://drive.google.com/uc?export=view&id=1RkZHCL5OTq63KKK31QftEbx_cayhe81E,https://drive.google.com/uc?export=view&id=1Td6FONwVufuZlKlU9BOHOUcOpixB_ayA,https://drive.google.com/uc?export=view&id=1EPofk5ONRb-K9R5_vKcifFOYy7wYaCHG,https://drive.google.com/uc?export=view&id=140_yJphW3e0ZjbBi6tOFkYK81HKElz2-,https://drive.google.com/uc?export=view&id=1Sr1lox8zTydAi2-pUb_2e2N_dhCtyb6E,,
https://drive.google.com/uc?export=view&id=1a2vpj5Sori2PQmmBUeqKgNDcDMB3bLzL,https://drive.google.com/drive/folders/1drAvPU3OrqJqV4EnJ7KpL2hXSf92ZkTh,Metal_Mesh_009,https://drive.google.com/uc?export=view&id=1SDAg4ddCXoxD-khjpa4jPvpCf9wJGTFG,https://drive.google.com/uc?export=view&id=154Br9i3aE-VbWOpIxnSzJUmGnt-z6N_a,https://drive.google.com/uc?export=view&id=1s89sqadNAfm0q4ut8419ANFTB_XX0CV3,https://drive.google.com/uc?export=view&id=1f6iRRHsDTHwUcl5-MamQwHs5X8pfjUdI,https://drive.google.com/uc?export=view&id=1H3NGVvga4Kifo-RVotOpKNVxj085QPQG,https://drive.google.com/uc?export=view&id=1BwWCTYqDXYU8tQpM4t3TrEwYyw9_bpAC,https://drive.google.com/uc?export=view&id=1u5fSorLpIw5eytK050SkEpaA9YNcfLZt
https://drive.google.com/uc?export=view&id=1sCAwNtMntBhqsLTZ3Xp02ORsdR6pdQ6o,https://drive.google.com/drive/folders/1eN0hhmuQni5YZuoshllktiEYKf4X0KkV,Stylized_Cliff_Rock_006,https://drive.google.com/uc?export=view&id=1my0B-3yEMnUaeXO5fiifUmLkVg_CICF7,https://drive.google.com/uc?export=view&id=1LJnjVjGUq4Hp3vD6awXrBf7y5UfjLl87,,https://drive.google.com/uc?export=view&id=12NBuEOvwWj3y8FHDSjhWxhd_EDe-yKdi,https://drive.google.com/uc?export=view&id=1aXQxGmV1_AQw8B7HedLCirDEK0YFFHHb,,
https://drive.google.com/uc?export=view&id=1vBbImb1K3OHWtezx9DRDUZz_bQffJkd-,https://drive.google.com/drive/folders/1VRuoVWA7PccDUmhKMdI5cqEW-q3vC4OU,Stylized_Wood_Floor_001,https://drive.google.com/uc?export=view&id=1CR3JwwknFUfUq-qnMNpNszHXk2L13L-L,https://drive.google.com/uc?export=view&id=1jqrMWo1glNNcqREHSyO63FvkRZ1wuF_D,https://drive.google.com/uc?export=view&id=1bbRJGkIFC2A4m06YO99Gb9qqYk-gc4rl,https://drive.google.com/uc?export=view&id=14qendcNzdgYMRDpdavkFEpU2X7M3xLRm,https://drive.google.com/uc?export=view&id=1DOgPKedQOuGq4j1_ojGQKxQrfMB9uRkC,https://drive.google.com/uc?export=view&id=1jPuVPwStcNHo5lGIyb_Bae0dPgH7oai-,
https://drive.google.com/uc?export=view&id=1o4dfVOkSxXxMdMfQQ6bj4cvfYIXbXKQY,https://drive.google.com/drive/folders/1PF9DYL3PIYKcwlqF1qGucXwUQ3PlinC0,Stylized_Wooden_Roof_001,https://drive.google.com/uc?export=view&id=1LvtWinP6GcOyG7KlXcTD8SmxVknQCcT0,https://drive.google.com/uc?export=view&id=1HmpuSHl6p0Swg71mWJ5b1IgFaNguD-Gf,https://drive.google.com/uc?export=view&id=1WUxMLhVJ-3v1rHy0pjDw4QYR__K93ByN,https://drive.google.com/uc?export=view&id=1W0iDr2wgYcwlfJWMd5qpk3dz4JQ1ZN9F,https://drive.google.com/uc?export=view&id=12W8OingPO4712_aH1ndz7WeN9OMzBRPQ,,
https://drive.google.com/uc?export=view&id=1KWcLgYPUdrrhLepcFgnbJfiBRYz0ej0E,https://drive.google.com/drive/folders/1Cks59GoubuFW6rE7-kSFnBOonBuU3-qv,Stylized_Thatched_Roof_003,https://drive.google.com/uc?export=view&id=1YdKptDOSlHtTCvCN4N6nmzN-GoHPPq5p,https://drive.google.com/uc?export=view&id=1LGp7_BABe-vctfc7XBxHb3eFVRf6Tl5e,https://drive.google.com/uc?export=view&id=1GMTHLXcZCOCU5CR5DDnUzkeb1IbHWwtb,https://drive.google.com/uc?export=view&id=18j6_SGwYcGWCvGMbs5eNEin74ZRgqPjU,https://drive.google.com/uc?export=view&id=1DL3Q8jOmB42mL8WChL25fpi8dyyf2Z5W,,
https://drive.google.com/uc?export=view&id=1StrBZ7gBE0gv2EiPelYVlJab2sODW1sI,https://drive.google.com/drive/folders/1HtCHh58DLKKyN51qTKRHj1aGxtA71zkj,Stylized_Tiles_004,https://drive.google.com/uc?export=view&id=1WN10aXWZ5kcXFGul3VLIHGVF8t34AoX7,https://drive.google.com/uc?export=view&id=1Hl8UqF9n9nISKXPAgeeTxJF1DH7vwBeE,https://drive.google.com/uc?export=view&id=1qUaQZ5mvnUoeUbufFmUnVEHuMqCBnuL_,https://drive.google.com/uc?export=view&id=1woo5C40lTNl6QwOmIvzOcHtmJ6rzmKsL,https://drive.google.com/uc?export=view&id=1RFkE3BuQyBn2Cyuk88mdgLUoSxbqLekP,,
https://drive.google.com/uc?export=view&id=1k7aHNkbOqufeUHn9KtlBOw8mZm5eNAE5,https://drive.google.com/drive/folders/1OzXAKoDjIOpdz1Nyl3OwTWeW2mUUup-9,Stylized_Stone_Floor_010,https://drive.google.com/uc?export=view&id=1kiZSxvihfh4l8L1q4SyWfIjfwXUBdBlg,https://drive.google.com/uc?export=view&id=1Lc21hzlV6gTGOKPWqPMwsbAzpl6fbQgi,https://drive.google.com/uc?export=view&id=1hrcDuI74TvlcSpxqJImO4qobeF-Xbt4G,https://drive.google.com/uc?export=view&id=1SwDXH6eHOowcJBfd4zQ5xiKoL2bQ0flE,https://drive.google.com/uc?export=view&id=1uiz-bOApMQOrNkBheKYxsWwZmZhsuFBj,,
https://drive.google.com/uc?export=view&id=1_IflRTLUd5LVOJiglWtz4WHF8GklLMdV,https://drive.google.com/drive/folders/1mK-xyDVhnEpiRLbfdM3f2iCD0eYI49Ms,Stylized_Stone_Floor_009,https://drive.google.com/uc?export=view&id=1WJGwvTGWPDsS-ar75amfkXMKyFvZitwr,https://drive.google.com/uc?export=view&id=1KLEAwSc_Cew71_pW6eUszZ2q694HKU3V,https://drive.google.com/uc?export=view&id=1RmVqaWZQlVWj_xwYThBazp1fx8JrjfbD,https://drive.google.com/uc?export=view&id=1GXX4mVFj7s5nya0VP657a1JxuzSjf0R-,https://drive.google.com/uc?export=view&id=1gCbqyWIcpubPYPg42T3mSOqmeH5-WwMa,,
https://drive.google.com/uc?export=view&id=1IXlRe5DHFv4jbZvMDm5Y-_DggXs2cd9X,https://drive.google.com/drive/folders/1Dfj3b17L2IvMQC7LF80Z7z27j59yaveQ,Stylized_Tiles_003,https://drive.google.com/uc?export=view&id=1YTUFKcmLDXMfwFBiukq8SalVkzSIAlCx,https://drive.google.com/uc?export=view&id=1U3z9uPKtMSTKKSINI--VCEWgj2SR7Iji,https://drive.google.com/uc?export=view&id=1PRDhA6YkkjSAiVGZY0B-kWS1u1kRN9wO,https://drive.google.com/uc?export=view&id=1pP9tkutkwM5SbPerYMjzCAIMvwIeb1sn,https://drive.google.com/uc?export=view&id=15U99tfXkbO-OkZ_HcQlOsvMmUVMKpdsD,,
https://drive.google.com/uc?export=view&id=1FfDIH0RwACwqn_fPcbTkKf0F3gouU3sR,https://drive.google.com/drive/folders/1-dAJPmHp4_4M9skw-gRbX458tB8blusW,Stylized_Thatched_Roof_002,https://drive.google.com/uc?export=view&id=1M0_qzCz_WkSy5nIr1FYVupTla-muQ5Yo,https://drive.google.com/uc?export=view&id=1hpRz608oiwzfrosbz4EC9ezGIAYHOQsV,https://drive.google.com/uc?export=view&id=16r-3IczbJE6tsfGRXL0MXuiELePJMyxE,https://drive.google.com/uc?export=view&id=1f41iObpbvck5h7MRUL-6VPxerHoIpH1W,https://drive.google.com/uc?export=view&id=135gjIVyb3_hWBnhg-9_iM_Mr7eJ9AsKy,,
https://drive.google.com/uc?export=view&id=1gSlSnnuftrX65IRA2LJ5DeNit2S4txSY,https://drive.google.com/drive/folders/1g5rSY2nGTI-M5av830By18Xuqh57aExy,Stylized_Tiles_001,https://drive.google.com/uc?export=view&id=1E7geWGEUiZFYVZUL9ZeY7kCCb3MKeT_b,https://drive.google.com/uc?export=view&id=1PKK4r0Tncs5IT12DBrB7Cqlk2kQ39qqO,https://drive.google.com/uc?export=view&id=1HF7s2O_WQ-4aD8DukS7W3ihSNp7XhCW7,https://drive.google.com/uc?export=view&id=1wsn6x9Fejrtz3wIFYrkmC694mQzhZ0e8,https://drive.google.com/uc?export=view&id=1lF9-vDZ6r0BP3cTIUs870nENDcz20bIy,,
https://drive.google.com/uc?export=view&id=1-3NrtMLr6-qMQZnbCOCDLXgwwFFpXOeC,https://drive.google.com/drive/folders/1-FZSyA0NiarUkYq9JW9As8Ez9SRpjmf0,Stylized_Wall_002,https://drive.google.com/uc?export=view&id=12V1etoapD-hQ43I5V31I0VtOFPymdVlT,https://drive.google.com/uc?export=view&id=1-BhzdrWTwJYyEeFcbLLsoTzCwEfZajpE,https://drive.google.com/uc?export=view&id=1NLbl8sokBh8CMrHNCV2YhioXvdL4HlQo,https://drive.google.com/uc?export=view&id=1DTkTE4rPcUW0gEU1LpvCpBBfYUQNnQUB,https://drive.google.com/uc?export=view&id=1MfsGWfbwiEzqLH0X5bkUYBN0x4xHl46n,,
https://drive.google.com/uc?export=view&id=1mOed5_ODAVp2mWASIqNeW5NRcRxkouaP,https://drive.google.com/drive/folders/1NqXxON3zveMApmUpFDSYoQK2jHdE1tvX,Stylized_Wall_001,https://drive.google.com/uc?export=view&id=1CkCC-uLzBVlvgrPV2Mjy4oWO6lqgeotX,https://drive.google.com/uc?export=view&id=1gjJU2z9R3rW3J60JgGGjrlp_4oNTE8QS,https://drive.google.com/uc?export=view&id=1541dN1VxKSwL-b6NR4KUSGpDt0vV6KmH,https://drive.google.com/uc?export=view&id=1RWkqSLh4tVG26ny27ugfJPX2vyV-oybF,https://drive.google.com/uc?export=view&id=1_j7RCPIC1WdnZBrq2UiIAL5234JAGFjV,,
https://drive.google.com/uc?export=view&id=12kwZgPrbU-P_9ikw2XBtvxgoTdyw5fmI,https://drive.google.com/drive/folders/19d9-IplsaCXYD_0NOwDxeEidXQbjiB-A,Stylized_Wood Siding_001,https://drive.google.com/uc?export=view&id=1FfYADAE59pL9k-HWPOuQvHgf6TLMGAN6,https://drive.google.com/uc?export=view&id=1Udj7VPrl7PLpEqVZVVcKdnvMKTay0hbW,https://drive.google.com/uc?export=view&id=1CITbuVzZlMPrGZuL7kueX8RO3AQ9kooo,https://drive.google.com/uc?export=view&id=1RCTnKMMxtgFeziKGywLaYgt9Nv1gxyDk,https://drive.google.com/uc?export=view&id=1pzewTFoKI1ovlGJeSthj44_prb96WsK8,https://drive.google.com/uc?export=view&id=1_GqJrkBjaMQBXAoZ1mJGduMZUXpg8yiH,
https://drive.google.com/uc?export=view&id=1bMxz8v8K_p8HedtvMctqb4rans4eHfWm,https://drive.google.com/drive/folders/1mMWyR-ZboFelM5Z0AzelbjWEDSLhwbib,Stylized_Stone_Floor_004,https://drive.google.com/uc?export=view&id=1iRtcQLffE9iCPIWFquGyoiHSzo1nk3kb,https://drive.google.com/uc?export=view&id=1zggSbpP410A2IaI83oI7xkOwQxWlR0lT,https://drive.google.com/uc?export=view&id=1qCnE42j4CZw2yv6KDKfw57sPAZDWM4IB,https://drive.google.com/uc?export=view&id=1j3alNxJa0ayiFvK3-ZUpfK75oqh_xNma,https://drive.google.com/uc?export=view&id=13cNovFPaFNkgl-Yndxv91ToHPaEoBxFi,,
https://drive.google.com/uc?export=view&id=1CBTZRfEtG2X82RwocGlpEfkXHdHZV5fY,https://drive.google.com/drive/folders/1naSogsJ2L2OMO_YlfdLI2Ki6Xyv6IAzV,Stylized_Terracotta_Tiles_001,https://drive.google.com/uc?export=view&id=193xtFQbJT7kcl4nBNE0Q6TCEQ68sNu35,https://drive.google.com/uc?export=view&id=1nEPPQMSAB7GQ-OSk-dCZnh2FzoLVrDZw,https://drive.google.com/uc?export=view&id=1Nk0ygU-QE2r0IuktmHcQ_gnhvqH9HEyr,https://drive.google.com/uc?export=view&id=1ZxtsC-nYzt4XeQl9nB4mrcWoOl_cPkrm,https://drive.google.com/uc?export=view&id=1Y6EckUmdMtim_Cm8LufjWG_OPRQW3Net,,
https://drive.google.com/uc?export=view&id=1kUIFIBG2mREHnZuVXgoTCIhtHPLUA8TF,https://drive.google.com/drive/folders/1DPbANLVnm5xxvuJG2O0C-Uq-RTjsqA8a,Stylized_Stone_Floor_002,https://drive.google.com/uc?export=view&id=1JdBz2QGd97e4ki5Chim89WDZCCPh6WqQ,https://drive.google.com/uc?export=view&id=1XQIUg_1Oqkfv_YlWU1EJ4s10IPYCc7mk,https://drive.google.com/uc?export=view&id=1wG7TD77RWkCGWWgoOM3o5UQK4XLiyAz6,https://drive.google.com/uc?export=view&id=11d0OiAEjzmHef5sOZ9_mTWZa86LDUgql,https://drive.google.com/uc?export=view&id=18R1qAwb6hMfCjc4ZyL6Pki-9Jh4dg9NX,,
https://drive.google.com/uc?export=view&id=1O-Tjt7LZJKK_bkAZ1KsKs-8WpSJL_8IR,https://drive.google.com/drive/folders/1q03p6A79Azg3fen3Pc7g5vDpFtmFwmKD,Stylized_Stone_Floor_003,https://drive.google.com/uc?export=view&id=1UBzwrkrKO9tUNTCpYcROnPNSNLszTx4G,https://drive.google.com/uc?export=view&id=1QrZzoccj_FJ95XodBsyxCUeqOgJaRD0Q,https://drive.google.com/uc?export=view&id=1ezXth_JpVbza_3S1FSAJ5EMZQpYRmI7D,https://drive.google.com/uc?export=view&id=1SqWvo-EW9_OGiy7EDQ1kF1tqcHRgRv3A,https://drive.google.com/uc?export=view&id=1uJMF7AzH45GhwwdKGU0xKNxVBVVoWCxp,,
https://drive.google.com/uc?export=view&id=1ahW8LGJD4v0U3Yoj0ud9r5nmNMitMX8s,https://drive.google.com/drive/folders/1yrTF9abM6pUVLnLlF-0gn05kCmWgmue-,Stylized_Stone_Wall_001,https://drive.google.com/uc?export=view&id=1QDNfC4uLg5C6jR2aDyIW0-12qT6Dxs2B,https://drive.google.com/uc?export=view&id=1rpYU6G__DJAhBuLdHDVYT9kAq3m1hEXI,https://drive.google.com/uc?export=view&id=1c5r4kcpZhSqB50lGShibCig9Om2ABB3j,https://drive.google.com/uc?export=view&id=1nCPIRg_oZIKvvuXo3b_CW0w9AqkNNcIF,https://drive.google.com/uc?export=view&id=1zVQwbMnosiFMW2WBvcOcJyai4gn5JeTn,,
https://drive.google.com/uc?export=view&id=1cj3oKvTv90QCVM34oAhqPvfdi4qMCAJw,https://drive.google.com/drive/folders/1a-M5RHZqSl1sdCgnJKxasCE0i3WaAwOl,Stylized_Stone_Wall_002,https://drive.google.com/uc?export=view&id=15vfHdbbPR_Solf6aw8NhYUJv8MAIWe5d,https://drive.google.com/uc?export=view&id=18zd7aOXXodKJTS8XwPHtMbMa89b-jwN0,https://drive.google.com/uc?export=view&id=1BvVWOzFFZR0rYwESYVmQ1ZNbpZDcBIlp,https://drive.google.com/uc?export=view&id=1AvC4gf7C4FioBJq2lIcoGQV4TgHeTC-Q,https://drive.google.com/uc?export=view&id=1KY5XCNzDWicY04Ogev0Fw0mhmD1xeOlm,,
https://drive.google.com/uc?export=view&id=1OEHPPDDELVvao6gK_2kCKB4djOHeXdtx,https://drive.google.com/drive/folders/1qGhYiAjRVX3EJoWWnpVmhdSzO_T5lTDM,Stylized_Thatched_Roof_001,https://drive.google.com/uc?export=view&id=1LVZtjCex6PzFbVJqrXAGa50dDsXeMEcv,https://drive.google.com/uc?export=view&id=17MuMRLwfigLHNIR_iQ7mqwyv0EdWmbW7,https://drive.google.com/uc?export=view&id=1gPQaxW1uMdy51zk_dzw6R0BBRt88EagO,https://drive.google.com/uc?export=view&id=1nhsH61EqzhIJkKXHHFrsKO_Bw-nBOhU4,https://drive.google.com/uc?export=view&id=140TmPd-j-sawIuiNOpLDoWbRfylvoQgz,,
https://drive.google.com/uc?export=view&id=1L0gjzZaqQ9YP_9oUnkmlGnJM2Du9mZt6,https://drive.google.com/drive/folders/1ZgnEFIDcuCWW_oGZOJdVu8QHDFFANVaP,Stylized_Stone_Floor_007,https://drive.google.com/uc?export=view&id=1uyMb6W1WMzgLmwq86kytWeiJP_FZvThx,https://drive.google.com/uc?export=view&id=1RA1Ki0hMJXLk8paMWyyaCnWrhq1mUaDm,https://drive.google.com/uc?export=view&id=1BVMBdspLC7wfcRSiXb_RmUeLgipPae3t,https://drive.google.com/uc?export=view&id=1s-nufS21RhWr9UXKKa-C1pdHM-HoYPTl,https://drive.google.com/uc?export=view&id=15GrGVpAQNJp_MQqkwyABBRMiu9Q4-P3t,,
https://drive.google.com/uc?export=view&id=1ifaTtTg_x9JW9Z8g0l6FLOQh7-Qfj6al,https://drive.google.com/drive/folders/1W2G9E44DR0HY0jKZ9E8Ixuu59KIXSWPs,Stylized_Stone_Floor_005,https://drive.google.com/uc?export=view&id=16AMHUEBLuLNaK1VBfavYY907QcmAPQnF,https://drive.google.com/uc?export=view&id=1PgOk0ypQiN3iui9da5Eov_kfHXwc0JZG,https://drive.google.com/uc?export=view&id=1ke2RYkwB6NrNOyNnUHc2dT0VJLXBC5bd,https://drive.google.com/uc?export=view&id=1dhBz8Nmvz9PMvmxVzpZT-kKw_Q4wBE_f,https://drive.google.com/uc?export=view&id=1GZn9rH0k6zhk9UKExpm6qOSfx2vikbw9,,
https://drive.google.com/uc?export=view&id=1W6KiIHQgSZewDoxQPQWMl11DeufzuEGp,https://drive.google.com/drive/folders/19bN6OwaRbvMsT24fi16vD4JYpMXsPM5g,Stylized_Stone_Floor_001,https://drive.google.com/uc?export=view&id=10wEMOBh0eoTEuziBMTGzKcD3whonEC5k,https://drive.google.com/uc?export=view&id=1YkD-iWUYPtW0ouNNDfjt1Uu08JPzkkJ6,https://drive.google.com/uc?export=view&id=1-tECHT_RH4DlN_znnW6Tre6J9UEO6Nbr,https://drive.google.com/uc?export=view&id=1ttCrMXuJ3kO-DAER9sUhsrL850Esac5O,https://drive.google.com/uc?export=view&id=1zuJ_4eDb4ExAfQx9EC2Zrvp5ek_43jhU,,
https://drive.google.com/uc?export=view&id=18zHstcO-htNc8TcVYjFNq8ASIdWhKjMU,https://drive.google.com/drive/folders/1LED0gAggQJP8nRUNaqUXtKNor4s5DooI,Stylized_Rocks_001,https://drive.google.com/uc?export=view&id=1Z0hR4UhThdYe75LOUvEanyoXmZb4_xu4,https://drive.google.com/uc?export=view&id=1p-r7m4P1GYyOMGd3pav4OrF8RKKrQ1QL,https://drive.google.com/uc?export=view&id=1c1rpH29QxW7TK2woTPkTyoKhlGqq5gCa,https://drive.google.com/uc?export=view&id=1nI1cLGD9OAP-CQBTRcGq17x56Jvq9SFe,https://drive.google.com/uc?export=view&id=1-p5t0lgCRgvtCxGKTactKpiVh0KEOF6r,,
https://drive.google.com/uc?export=view&id=1BOSlSbPm76CYWstTwB6mVIzA5CxtldYS,https://drive.google.com/drive/folders/1TQ3e3eyD54k3gEScNLMw451HSiSQNkh8,Stylized_Sand_002,https://drive.google.com/uc?export=view&id=1wXmmIbV-pQqTQRoAHKYbPrTzEjTsTVSR,https://drive.google.com/uc?export=view&id=19XrE9fY2cCAQUXBFzS9qcjXaad7AE-bs,https://drive.google.com/uc?export=view&id=1qG-rG1WjQmbnNxf4ssgFE8cfaPVMUu9U,https://drive.google.com/uc?export=view&id=1HYM4qXScjxdACJ1bSeQqRAWpo08ZlgPn,https://drive.google.com/uc?export=view&id=1sH0Zw7fOwd0Zg7HxfVgdYNE1bueYLPZg,,
https://drive.google.com/uc?export=view&id=1jwFA3_i13JC0LkRp9QPLpTemL2DyVel8,https://drive.google.com/drive/folders/1QauFQFRuhp1nJ52w3jDj6OhHSjZrpMFG,Stylized_Scales_001,https://drive.google.com/uc?export=view&id=1OMTgkl31rtd7Lt1dUijLB9GAk4SoBjq8,https://drive.google.com/uc?export=view&id=138yO3J7wfxRifZllYviuZuUhTJ3xTHDx,https://drive.google.com/uc?export=view&id=1vmE_LmScdAhkSNfSRIxQD3uZSVm1dliB,https://drive.google.com/uc?export=view&id=1HMJ5ypuoHsRTdcFp_3Z6-EAbJJW2jMZ2,https://drive.google.com/uc?export=view&id=1H_RFuEmhXzhf7a19_6kuK2_iwJ8R7pf2,,
https://drive.google.com/uc?export=view&id=1sxMPhg7olqhQeF_Zi7GusEh34tWRZE8r,https://drive.google.com/drive/folders/16QrxFcq6kT4UanpJjA5S5o10tUSxLw88,Stylized_Sci-fi_Wall_001,https://drive.google.com/uc?export=view&id=1UUzNNSl2SQCIYUUeSIYx8pK4hpDzoCMv,https://drive.google.com/uc?export=view&id=1yJqLR3nA1Oaj9MXXqgGFRqObpQI4FMvz,https://drive.google.com/uc?export=view&id=1Uz8zUo8nWgi9Gej1xUTvIpcB0yDeeUy_,https://drive.google.com/uc?export=view&id=1or6YKwj87EQIrWDSyg9U4DDbsO0V7Bhd,https://drive.google.com/uc?export=view&id=1B5BaniG3-x3Zqv2FgQlo7OsVIazMDUSQ,https://drive.google.com/uc?export=view&id=1UzTo3JQLAQ_5vTe7ocXyB0NydYE7p0gg,
https://drive.google.com/uc?export=view&id=1TRK11rgNlZhZHnITQ0RMS81MJolUvU1F,https://drive.google.com/drive/folders/1BNHpdDwx3Fnp3QmVH-JR9Rm94gCTJ0GQ,Stylized_Sand_001,https://drive.google.com/uc?export=view&id=13SbJz_0l9GsnQ9XFosIIWP0A5hFzOYcI,https://drive.google.com/uc?export=view&id=1loG7MFZDHYNboCvUqkvUwtCQoFcHPVYk,https://drive.google.com/uc?export=view&id=1n56Lgsj5gSP3hlqKIJbsKiweKNeRtTGo,https://drive.google.com/uc?export=view&id=19oVh60j5xV8-UyWTY0fJkFEq0-NEw4FZ,https://drive.google.com/uc?export=view&id=1L-ABqzpzALRyubnvvco7nAB-Y9k1JBJT,,
https://drive.google.com/uc?export=view&id=1VMJ7FFcUO4I8e4C4uiagz293NQTtRrZe,https://drive.google.com/drive/folders/1HcyW-FocNHyejNNIN-Yf_J5h4QmRMKpV,Stylized_Scales_002,https://drive.google.com/uc?export=view&id=1OAaUzc83QKJSW-sluXUY4YtXSJ3lZLcI,https://drive.google.com/uc?export=view&id=1OKk5w8fNepNxJGR643RAVmdBYlT7h7eP,https://drive.google.com/uc?export=view&id=14YsZgUnKnwy6pseh3Qpa0lA9sr4WS-ae,https://drive.google.com/uc?export=view&id=1BnzfXPvo9DU1irOBqCa5kF_LiXiDIURz,https://drive.google.com/uc?export=view&id=1FtO6Hh_ohBpYhqsC1eNMcCyrDgVPRFGv,,
https://drive.google.com/uc?export=view&id=1mXnDEZxBWpEJK1P9q6i2ikbYmDkdJPbE,https://drive.google.com/drive/folders/1p89Qu2dOQ-mX5H3JzRQLPGGBkguGDFEK,Stylized_Roof_001,https://drive.google.com/uc?export=view&id=11UM11O_GnYuWsoWQGBCEqrgTUJrSRpts,https://drive.google.com/uc?export=view&id=1_YJEiZgl__RH21gyz5rcpIhP6cXbhzel,https://drive.google.com/uc?export=view&id=1Egk1aFL2PnbgSxl7LWOQjxtd8vQkS_OF,https://drive.google.com/uc?export=view&id=1wlEFWDjKdvamjew48h2kOpIGMX3l-b7T,https://drive.google.com/uc?export=view&id=1Okj9EnwAQn8WostEww1GEmaCOdDnuJkr,,
https://drive.google.com/uc?export=view&id=13ah765W-DIO3paXBbap7ZCKFbeCOrCPO,https://drive.google.com/drive/folders/1E32jEfIPn1o0-YV_fxh0krvwLhMLQszV,Stylized_Rocks_002,https://drive.google.com/uc?export=view&id=1FG6t2__ZrpcEuWzH0xEmCj4h_dlwm4jr,https://drive.google.com/uc?export=view&id=1-kGQfBFzpOrVV_Vi8TrFNv2sgm18dP3Q,https://drive.google.com/uc?export=view&id=1_WiPxgVrvpDDkgfRkj2nf1U41IOTkYyO,https://drive.google.com/uc?export=view&id=12874FsqlG4qitl9OaxtmoRu3mWqOx2Un,https://drive.google.com/uc?export=view&id=1RT96ROCUv_oeI6qMhdhoipwFMW9HTakZ,,
https://drive.google.com/uc?export=view&id=1BT0h72mzwOA4hzsmfsSbiPH4g1OrwD04,https://drive.google.com/drive/folders/130FxFmDphizXR1klvbWJHpxK9UROeZrz,Stylized_Stone_Column_001,https://drive.google.com/uc?export=view&id=177h8vsRBLZQjvve45YBhl2-o7sKP1Z22,https://drive.google.com/uc?export=view&id=1XM2hx1dnvCZL7Z8vcWK9kjsYijhuw3AF,https://drive.google.com/uc?export=view&id=1fXTnn9IpI4Nvh-Zoieq44h9-cri1-aPK,https://drive.google.com/uc?export=view&id=1gVEEO4fxYnDkXbQHZBs2rhO1gJJo2L8Q,https://drive.google.com/uc?export=view&id=1sCrg79sbTat9pNubaZJPd2Mfri_kFNvI,,
https://drive.google.com/uc?export=view&id=1NGugHmDO4OEIxuoxH6qt7jJ6-jyaPWGv,https://drive.google.com/drive/folders/1jZIfP_wuXhnzyGtH_xSrDRJRw6ACg9-2,Stylized_Metal_Gate_001,https://drive.google.com/uc?export=view&id=1fXNSwfBErGSgyT4460raSUhYu9zggK9L,https://drive.google.com/uc?export=view&id=1UMtAZKSUm_KlzDfR6_qhA0l7LL0V3jvd,https://drive.google.com/uc?export=view&id=1Z-7ez4lB9Np890KYm1Ut7vT3aD-fO3NI,https://drive.google.com/uc?export=view&id=1HCRzPqjeEj__NXaYqSz1l6U6KHLm5jG3,https://drive.google.com/uc?export=view&id=1fCZwkFouDSaA8-KBL2FJDUTAQlWR1-cF,,https://drive.google.com/uc?export=view&id=1Yl_5AAZ-y411Tjk3uJ7rHaAg5kl2ZyfJ
https://drive.google.com/uc?export=view&id=1dLx09BBImRvFKWF1yglaQYGT2ngO0qmy,https://drive.google.com/drive/folders/1rpTpG36vzetLbzLFS6M9oN7dfz03kZqc,Stylized_Grass_001,https://drive.google.com/uc?export=view&id=1wG-5CQcm1qqsxi47ZWrghCepH4Ec0Bgq,https://drive.google.com/uc?export=view&id=17yArwqYbi7QLLpQM1fTvhVoDTZPoQhrq,https://drive.google.com/uc?export=view&id=1qcBlgDilbMzeMRaA9OmnarJ4_NrKXBrv,https://drive.google.com/uc?export=view&id=1eHy47tpZbwYMzCQkOD5PaONtH7JwyV_g,https://drive.google.com/uc?export=view&id=1OHWyZlEEQaA11TiiiYORnpzV1igkVAAP,,
https://drive.google.com/uc?export=view&id=1F-jD5KqAkI058SqKom-Ni9lsuaXOTHtb,https://drive.google.com/drive/folders/1a29G_oFDfrrNC3T3_5pe8fzRv6mEoNs_,Stylized_Leaves_002,https://drive.google.com/uc?export=view&id=1hVW2CGCsOxhHrUNJnPj_K4xOahmvxOj2,https://drive.google.com/uc?export=view&id=12B2lT2QNWlHpc-pkvkXTzjSD7bkMEFY9,https://drive.google.com/uc?export=view&id=1EJS8Ee08SRpvMo7qOLAIBGelun0FJnC_,https://drive.google.com/uc?export=view&id=1Qg3S4u49Qco5Pjn2AZjgdWFgXYA6Ermw,https://drive.google.com/uc?export=view&id=1BPX1eY9w2kXvSV2fsClw_7x2s1mr1U88,,
https://drive.google.com/uc?export=view&id=1r_GiMJnw_nq354OFHwXe69FQK-qyLiqA,https://drive.google.com/drive/folders/1S7yoNz6y618l8ZQstEtPyemZo-c-vKsv,Stylized_Lava_001,https://drive.google.com/uc?export=view&id=1kh-jtAcqnATGqztz5wNE0aiIhgmvq_8K,https://drive.google.com/uc?export=view&id=1J8Ruwg1uIVbgdfN4TNeZUuXPcPW-f4Tw,https://drive.google.com/uc?export=view&id=1jVuFZINl5dvIneAjBSKAG4RlOlV7m-7Y,https://drive.google.com/uc?export=view&id=1LRa-OfRCgoE3uHHU3I95G6XjI9u5GAMD,https://drive.google.com/uc?export=view&id=1D4FUsoAXl5zwM08AOBz-KT3RjlbSZESD,,
https://drive.google.com/uc?export=view&id=1JZb_bGqPeeWT6G3s4EMa3lLXTL5u06Rr,https://drive.google.com/drive/folders/1hKqsbGBBhQY_XWEyHLINLZKcMItzy6LZ,Stylized_Hair_001,https://drive.google.com/uc?export=view&id=13olSzc__DNdZSv5h61PrYALpHGRrkQpj,https://drive.google.com/uc?export=view&id=1xqzXsjC02apm7G3pkWNRPQ2qDify5GLh,https://drive.google.com/uc?export=view&id=1cKaQqzmXQ-uHsNaDb-1kFAZo60_Ew3dI,https://drive.google.com/uc?export=view&id=1U1-Nvxu2jXByi9QcPPBZUaKTP_KVuQLv,https://drive.google.com/uc?export=view&id=1y68UVgA0Bfb90V4AWUV7GaKu20ROgrdd,,
https://drive.google.com/uc?export=view&id=1Q5y-By6mN9TDrF2QPclBUkxbZDBJV9ML,https://drive.google.com/drive/folders/10g3JK4MvkcwztdBIDqUVn5LWCJtx5xCz,Stylized_Layered_Rock_001,https://drive.google.com/uc?export=view&id=1tXLLKzM1kqKE0PG2kWT4JrSSbu2dZBPs,https://drive.google.com/uc?export=view&id=1Y-N_GatFpjSdRwPsvps5VA_8b_902H4F,https://drive.google.com/uc?export=view&id=1xNAUDlLWzVGuWGML4J0whvXoVgXsUOpA,https://drive.google.com/uc?export=view&id=1GOA2hTMqZxB2X3AmyF1rQyWXzooEr40o,https://drive.google.com/uc?export=view&id=1LHc3GpY73-TXr0ukWGry1fkeDOQ9idHS,,
https://drive.google.com/uc?export=view&id=1c6N4vMUJbbgC5erU-2f2Szu9zb3pL8uc,https://drive.google.com/drive/folders/1KYqu7WkxJNjHhIbrNOXHOTuRVXJUBWC7,Stylized_Leaves_001,https://drive.google.com/uc?export=view&id=1sBw8EiSVsPZ5g7JVyWU3WR9KBrbjdtYM,https://drive.google.com/uc?export=view&id=1UFKkg4hWKXVmd57MLPwYuSSchWvntcpd,https://drive.google.com/uc?export=view&id=1nQld5c0ILmr3hOL8FCN_8DHcDJeXFkrg,https://drive.google.com/uc?export=view&id=1iAVc6nvqdfwaGpxpsUodK3lqviMqQ8Dv,https://drive.google.com/uc?export=view&id=15QlyiR1hv7pn9t1UUN5gM2RitOB2FGVh,,
https://drive.google.com/uc?export=view&id=1m9zkZDjkJakoAZQZM3D7RzUKhBtdgDbO,https://drive.google.com/drive/folders/1AnObJfrrZ8HgYry1wDNVX0NKMwA-kluV,Stylized_Grass_002,https://drive.google.com/uc?export=view&id=1Q1OtxVXiJd9-yVoiIf5HaojS0Llp3uSw,https://drive.google.com/uc?export=view&id=1yaOTIjwW6GgG8h8e9bHxDI_7slw71mgg,https://drive.google.com/uc?export=view&id=19DpDXyo1qi-fgp49iqtszU24R2beibfT,https://drive.google.com/uc?export=view&id=1SGyxce93fihYcGRJN5FztcOVB5M9c_fY,https://drive.google.com/uc?export=view&id=1BZFclhxOt54jYOFYzXPgY48jYM7HNGlN,,
https://drive.google.com/uc?export=view&id=1b_6iNjsJ4vdasxUrgtwp5offUL9TkR6Z,https://drive.google.com/drive/folders/1iqEzce-aaveks_0abqj0mcDi5FNFjZxk,Stylized_Lava_Rocks_001,https://drive.google.com/uc?export=view&id=1Xfz4RS0MmNfiBo2cRWDp5DOavHQPSyC3,https://drive.google.com/uc?export=view&id=1jOMyE_WbGKfEY6j2LZAQjfQ3tjZhGSRN,https://drive.google.com/uc?export=view&id=1wew2ICcLLa0JVmv2a32PYI74U0s2RbRk,https://drive.google.com/uc?export=view&id=1FeurTwpcQ8kbIX1TY7mLwXlN_DkvgSV5,https://drive.google.com/uc?export=view&id=1Focs8oWtnD50KSGXYQOtu7ME4gOlm14c,,
https://drive.google.com/uc?export=view&id=1rjYtPM9SG0h9-zFXVOrrS6RW0rzFswIx,https://drive.google.com/drive/folders/1jhYHZxnt8j5mHlRUcmko2OJlray-_KDQ,Stylized_Grass_003,https://drive.google.com/uc?export=view&id=1GW9IqLFIT6sLHUrLuT3GZpmLPbmIIP0V,https://drive.google.com/uc?export=view&id=1bch8q3x03PQkefBRXK-RQ0LwEi0iT35E,https://drive.google.com/uc?export=view&id=16naUQ5T3g6AGDVg5ewqMVUPfN3CY6keg,https://drive.google.com/uc?export=view&id=1zmGS8E0IVOgK4smLoMxpxFtSzUaujcRB,https://drive.google.com/uc?export=view&id=1ET3QXuWAoGICdAUjHJ7FyGu56PjfzypB,,
https://drive.google.com/uc?export=view&id=1zkoe585KmYkqMrCAPTaFcxzcwU5CFYHo,https://drive.google.com/drive/folders/1sY32XFOsjVdDzwbJz16yiaYOJzpkuEkx,Stylized_Ground_001,https://drive.google.com/uc?export=view&id=1RPZ0RQKOrLJxTZRin4DIPz09FF3gqNd-,https://drive.google.com/uc?export=view&id=1-xHnhYDxIUsaJvTo90R71lS-a5tkB4Y6,https://drive.google.com/uc?export=view&id=1PJ8fSy-t9m-pTJxjDBmG9IM5rcm-E1jk,https://drive.google.com/uc?export=view&id=12Txv5KJBqc2wdgLsqcnkXKWoDjRjUTXb,https://drive.google.com/uc?export=view&id=1A7u7uswbBsHSqETh4S0LJgOMOnBaUkEn,,
https://drive.google.com/uc?export=view&id=1b2_2E4h6JMJJX-d_rERhjyZpvXwbN11g,https://drive.google.com/drive/folders/1bleZFUTR0QiTsWR1YCL2ygn6AKPOdUTY,Stylized_Fur_002,https://drive.google.com/uc?export=view&id=1NO1DXk3DH-SKQa1kkKIYFcaKfdj8KdFF,https://drive.google.com/uc?export=view&id=1z1JDWu5vyOczMj7rtjEfixr7VhIhHqrk,https://drive.google.com/uc?export=view&id=1L4OvTNdZNLqlfVxC7z77WLMdSFU_D_o7,https://drive.google.com/uc?export=view&id=1CjuIhAXp7JsSZ390VVUA2N3haVsb9Qw7,https://drive.google.com/uc?export=view&id=16OW36crDcMmABfxzJkaVUv3VSrKnkhfV,,
https://drive.google.com/uc?export=view&id=10H9AC5TgHPtefMfdgwASGXA4TsQjW6LB,https://drive.google.com/drive/folders/1TEGY1PRz8vGFn7bOHVqrICYru3l5KrBS,Stylized_Feathers_002,https://drive.google.com/uc?export=view&id=1_gtFSmOD_TkfH5Hul0Id4PmHHXHHsXGT,https://drive.google.com/uc?export=view&id=1vUzb6zeIM8hXDHRmf6OiEntptwiLaV2Q,https://drive.google.com/uc?export=view&id=1SyH85iyxmpgtBLjGhjsa0drIyWQOa1ZZ,https://drive.google.com/uc?export=view&id=1wZsnNdq_msmWBPzn4dAOQyvYav0txFZg,https://drive.google.com/uc?export=view&id=1YAKi3In1oTHQmpYoNoQcsIkIzejgLcKp,,
https://drive.google.com/uc?export=view&id=1QUpTQmpbuX3CA4QazCBWDgT-dyHwtamv,https://drive.google.com/drive/folders/1BTg1TVcBcpP4wg6HkON4PCgZoSDPD1eb,Stylized_Crystal_002,https://drive.google.com/uc?export=view&id=1wkqtt_hKLXmBH2g3nY3IMvtrHUNp4i3k,https://drive.google.com/uc?export=view&id=1qrpn25Vo8tjGibI0EGLen1Oo4n9ZwmuU,https://drive.google.com/uc?export=view&id=1Y0qmSNbeTZoNXFIep4fp4VflAO6zi4Ua,https://drive.google.com/uc?export=view&id=14xGmAjJRO29Z79iZe-ZCGpXN8sdVjhc9,https://drive.google.com/uc?export=view&id=1Gh866BI-aWjqGFMZrVbimhPGJKMoCiEq,,
https://drive.google.com/uc?export=view&id=1pH9y-tr8Ut1Wf4EUVya9-cJ6kf1JL36n,https://drive.google.com/drive/folders/1j4CY3hCsUvGcy4_-DSx9siZYBiZg3l6U,Stylized_Crystal_001,https://drive.google.com/uc?export=view&id=1zaQHF4yli8MT_KVeQdDfmS6XSAHG6rtr,https://drive.google.com/uc?export=view&id=1rjtPb4gwFRCqfaiXYIrNjRAxJDDVHlH9,https://drive.google.com/uc?export=view&id=1Ihu0t613If9FL-hBCPPxd7z4pOM8-KQF,https://drive.google.com/uc?export=view&id=1rf3kBpdBu7txQZF3pN_nUg6axZ6ZNBBM,https://drive.google.com/uc?export=view&id=1XG3OEFECiaSx9KJq3SS82kOL8MYUT2E2,,
https://drive.google.com/uc?export=view&id=1t_fVMk1fqRpl1Q9-yJ1w_9lAJ52bXaSI,https://drive.google.com/drive/folders/1ZgLh9TFINOx7Nqu2aIWVu0KtxYuaC9uc,Stylized_Dry_Mud_001,https://drive.google.com/uc?export=view&id=1AtAVc1ksae-yyFGMQHBhx7mnu103Z9bc,https://drive.google.com/uc?export=view&id=1Eloo0vCG_CVsQTzN__d5nyzMxGzh9fSi,https://drive.google.com/uc?export=view&id=1uXqQ6Eai8iT0ZiL4mvFp3PM1D0mNYSEL,https://drive.google.com/uc?export=view&id=1qV4GFDB59EOfEXtCOVen7gmgavvhBs3h,https://drive.google.com/uc?export=view&id=18BlTXJDmBUKhnN3-DAePUf0No-S_L9oE,,
https://drive.google.com/uc?export=view&id=1pS1dohjjxf-6ck29RRxHHDBzuL4seRyF,https://drive.google.com/drive/folders/1qczvGTv_qDoO4Yqv91qdVuyAuA-IRHqL,Stylized_Crate_001,https://drive.google.com/uc?export=view&id=1EE3n5qXbMNwIgrLC9N2pXQJFRpFUsQi3,https://drive.google.com/uc?export=view&id=1ATZwt2DRXukmJJb5ZaUPxayfMFX9BO-1,https://drive.google.com/uc?export=view&id=1ZS1HdCx2aqAncFnXwbscoADC9al0uvDt,https://drive.google.com/uc?export=view&id=1zkjl56AcH2vm6NPd1y583LyNio0Ijmu8,https://drive.google.com/uc?export=view&id=17kJdFNbhzVtCBjlI-5Q-DDmgazs2QyEA,,
https://drive.google.com/uc?export=view&id=1bwTwCoKZDzQVK283hlXVSHZk5w9sRcuk,https://drive.google.com/drive/folders/1VzumNd5TSv8ANN4pv_8f1n22nNQmxzow,Stylized_Fur_001,https://drive.google.com/uc?export=view&id=19nqxKNZgQRBqdwYAzAokn6II1AV7CAJM,https://drive.google.com/uc?export=view&id=1EOjot3LZtyxxTor1I4LhsnleUn5lVWp4,https://drive.google.com/uc?export=view&id=1WBy3ay2Pcot6V8VtZXNnOREkhcJWz1lZ,https://drive.google.com/uc?export=view&id=1ZbMh9y0Pnd3mv8i3hAvHFYI1ok-DObqI,https://drive.google.com/uc?export=view&id=1F_px-RG8ZtRdSgp_8RBNSxYHthOBP9Ap,,
https://drive.google.com/uc?export=view&id=1GnUpW80guBodOvfgSk1taD_v0vOc1xei,https://drive.google.com/drive/folders/1H9WjoFslJzxVy3tWVBw77DXHBS_8ynh5,Stylized_Feathers_001,https://drive.google.com/uc?export=view&id=1MS4EuJyoft2gd2dgLdMmzoGhfV9CGoI1,https://drive.google.com/uc?export=view&id=1VqislEx0CQP4KletbjUx6rtLj9j9TMqi,https://drive.google.com/uc?export=view&id=1jpNiGx992RHL2OlcusG7J6l6psWJoORd,https://drive.google.com/uc?export=view&id=12r3efRTBzHFS2ANJDz9zeWY0U5pY3UXE,https://drive.google.com/uc?export=view&id=1Av4fCpbAleYg3GeHymj65tSxfgFzSb-S,,
https://drive.google.com/uc?export=view&id=16EY6R_l1N8XSQqyMGvuG_pXxt9Gq3EO_,https://drive.google.com/drive/folders/1Mzda8dG7w_tLYkQqR8k2FIdS4UrS6Wge,Stylized_Cliff_Rock_005,https://drive.google.com/uc?export=view&id=1WfclzT1pLkdgZ6MVIeys2Pdik-e5U8q_,https://drive.google.com/uc?export=view&id=10TlJ4L9mjZi4dW8mhUZWz4ozdVRTJPg4,https://drive.google.com/uc?export=view&id=1z4EgW9dKxP2dnI8fFKEFfh4J0sCfSAv7,https://drive.google.com/uc?export=view&id=1urDfhbVzx8oFHX_qh_PkPvG3qJc83mxD,https://drive.google.com/uc?export=view&id=1wOyf8CabAgTfzbUshgs7UpkNMFSvu2JI,,
https://drive.google.com/uc?export=view&id=1JHq8_vmjzC0gr8Jgr9pckF4lBCZfJijF,https://drive.google.com/drive/folders/1zleuSU4LT2pxNDgXOu90HxgfmfujcTiK,Stylized_Crate_002,https://drive.google.com/uc?export=view&id=1En3N-WKntZcrMFm3HP1C6zEVEG7Iezjg,https://drive.google.com/uc?export=view&id=1HGrl-C34QZfNXYSNDE6_1_C5Pn6CnPWg,https://drive.google.com/uc?export=view&id=1q884rsDpuQWYxNKkIYbgbRoIcBSMfWk0,https://drive.google.com/uc?export=view&id=1y70VTtcclk6H9N6DOI9C4NJB5jsCdcOS,https://drive.google.com/uc?export=view&id=1q80bhA5IZshsPEokDoOR9IZWndc_jc0i,https://drive.google.com/uc?export=view&id=1yRtm5tYLRlKGIPZTHQzKuiZjI99Hj8Gj,
https://drive.google.com/uc?export=view&id=1itb1NQTpw5QPfDkQ2eWSsSHbh2r0FplY,https://drive.google.com/drive/folders/1OeokDNuHVO1nT06hwIRbtZ7nzl9BiwB7,Stylized_Bricks_002,https://drive.google.com/uc?export=view&id=1ayfKxrShkgmeK7ryuAAc0vheJFXRPOsi,https://drive.google.com/uc?export=view&id=1BW1dx4MUuPqrhd7EAitgZtr9NIYhgf6q,https://drive.google.com/uc?export=view&id=1EJsjJIRdIuI5c2-sJsUi8Fa43_D-yOBc,https://drive.google.com/uc?export=view&id=1z0gS347SEQSaT8tRWYpaHijgmN92dDIx,https://drive.google.com/uc?export=view&id=1CMxQpYqE7sCSj_S8EbbBRx8UN9TTYg_d,,
https://drive.google.com/uc?export=view&id=1dOfVIkipPrWZXnK-tveq6_hagOCXyh2y,https://drive.google.com/drive/folders/1lNydsvE9Fv5covcRdBMaxBL9-y5iHtlz,Stylized_Bricks_003,https://drive.google.com/uc?export=view&id=12zo1DE5FxRePjXrgtjrgjrDTmz0aXwX4,https://drive.google.com/uc?export=view&id=1IPy5PU066kYUbozvG24c0sLO6Ap4WLsK,https://drive.google.com/uc?export=view&id=1MFDBUPAkcuCCbJq8WjipVu1ZZnrmDunE,https://drive.google.com/uc?export=view&id=1pX6E6sf725AB47AELxxfaVu90lkr0K6i,https://drive.google.com/uc?export=view&id=1cLm6X7triAaWIzFr7uvfNhsd2L69fKoP,,
https://drive.google.com/uc?export=view&id=1dGqQ0MFfiRQZCbRynPk5x-Yq2-rxY2df,https://drive.google.com/drive/folders/1AlkWS1nWcjGXniRnBNIdLgX6e50xDBAB,Stylized_Card_001,https://drive.google.com/uc?export=view&id=1gvQx5-_f3uwRfLpqQYTIbBnhUk-QdIZ4,https://drive.google.com/uc?export=view&id=1En7fMp9op6l_fzXlUP8auB-fEv-D0zY1,https://drive.google.com/uc?export=view&id=1ytwu6f8hVDbzqmP_t1iQ9FMBCpJtH1rs,https://drive.google.com/uc?export=view&id=1Lj6zIQ-6EP7WIumX2CLhReBS5AbGzg_r,https://drive.google.com/uc?export=view&id=13q8UYBk6gXt2eYXlMTpl6sUa3uPxKwL_,https://drive.google.com/uc?export=view&id=1M-ZkMor71x9KFH2MskMZ-okFwk7MczjU,https://drive.google.com/uc?export=view&id=1ZKzqA5Fvim6-Yw2gvupboD70OZiaUB2A
https://drive.google.com/uc?export=view&id=1-ThDurPjp2O5Rr-1SqlXMVgPFOv5MGOs,https://drive.google.com/drive/folders/1GlxtmUeTcOilcwcawH4wDlpyCU8agKsA,Stylized_Cliff_Rock_003,https://drive.google.com/uc?export=view&id=13ZNbybp-ARbmHkMFs-xzWHMQhcKe1H_3,https://drive.google.com/uc?export=view&id=12H_yPL8nM1zFOSmcYFg9dnYRgh3Pnz0o,https://drive.google.com/uc?export=view&id=1X6EgT2an0Dh4QGHToL7ZPwnCZjYy1zSF,https://drive.google.com/uc?export=view&id=1Z5jPhllp7qbjs4ZEpKDsElTstVuIQQVA,https://drive.google.com/uc?export=view&id=1FRVtf-GkiyOZAQx4NZfP73nFelJZ3p4T,,
https://drive.google.com/uc?export=view&id=1oPgAZ4q1QjRV9l9gfV-3S479_qOtCCX0,https://drive.google.com/drive/folders/1PQoQ61NxBYLUoFs1L1D8Xl65VM2xYjm8,Stylized_Book_001,https://drive.google.com/uc?export=view&id=12ZrMX7RU6HPHudnPvUgt1MTrk7AA_J_Q,https://drive.google.com/uc?export=view&id=1Cg3My4ue8TYIpN3PSvaFsWk_4OkuL-vk,,,https://drive.google.com/uc?export=view&id=1o5rzdq8WZyMSI-9aQmQxArNydjAAg2mp,https://drive.google.com/uc?export=view&id=1IAmp6tUGhFp2Zb-7rGN6nggpshDDBSIk,
https://drive.google.com/uc?export=view&id=1Yz0U52luF_Ux-Jr6xVJ1xO53ejrQR9LQ,https://drive.google.com/drive/folders/1rqyjca8KdlrXuBhjyo50pODA3Rq8DEf2,Stylized_Bricks_004,https://drive.google.com/uc?export=view&id=1nrpxk_FkNg3Qzu85dqqr7CX-JyfvYz6u,https://drive.google.com/uc?export=view&id=1fLb6ckOspYPt0zTUsbaZnTn9784R87c4,https://drive.google.com/uc?export=view&id=1zn1frS11o2M1CzsQUDegTlF4ppJpYi3z,https://drive.google.com/uc?export=view&id=1MLfQnhAA00LNZB8_TzPdiutJEoKGZZCe,https://drive.google.com/uc?export=view&id=197p5a2Dlw-QU-u51jOobSLFBZ5S5XQkz,,
https://drive.google.com/uc?export=view&id=1icAg7w1bFC92hC1gr5bkplpDJP_ASiTE,https://drive.google.com/drive/folders/1USLbvlALtSCItTlSH-YZdcQVd2fyt1M_,Stylized_Bricks_001,https://drive.google.com/uc?export=view&id=1NIo_iOz-RTRJGwsYS-h8Y5En0pYijJMG,https://drive.google.com/uc?export=view&id=154RbW2M44m5LuCkCNbN0I7UOQvstPpJI,https://drive.google.com/uc?export=view&id=1I97zpbBq_yAtYLOLY-06qSVxSse2iZ3m,https://drive.google.com/uc?export=view&id=1RbVXcNm7wnPpAsTinmnev3kRgpd0vrcW,https://drive.google.com/uc?export=view&id=11dAR1ct3trzPHKPtTaPOgSHFoRQ1_h2o,,
https://drive.google.com/uc?export=view&id=1m8YRlXczynDtFbRnSAarQNplyNIm6KU2,https://drive.google.com/drive/folders/1jDwOibVxeJDeqWjO7gJ6k682wPpCiuGO,Stylized_Bricks_005,https://drive.google.com/uc?export=view&id=1UgERL_eYqJUIytA_MZmMU_pljpQskEuN,https://drive.google.com/uc?export=view&id=1fXIIzU5XACIaIalTYDwoM1wQAigqyex8,https://drive.google.com/uc?export=view&id=1iOVYB90ST4AdG0vlr7prbE7BsjpkHVFv,https://drive.google.com/uc?export=view&id=1QWuUJnULjWU1qjjivA-C0zAQ3R0Zv2JX,https://drive.google.com/uc?export=view&id=1DdFkHQDPJRrhpSqLAXuA3PflDC24liRd,,
https://drive.google.com/uc?export=view&id=1E6ht2FbV8VXXWpdXUc7R5qW123WcDX_K,https://drive.google.com/drive/folders/18nyE2yN6u8bGa04ngM5MJPeMXEaZUb--,Stylized_Wood_Wall_001,https://drive.google.com/uc?export=view&id=17513kW-zU0W_ZVn_04PVfdZwiT7SGrx1,https://drive.google.com/uc?export=view&id=1hj2SJdTHc51Mla4kL_Qx5v7napFIVpEl,https://drive.google.com/uc?export=view&id=1TGmVHnJvOCxIOrGVWQnRk6I-oGWS1mxi,https://drive.google.com/uc?export=view&id=1Gc1LoI6bXqKYFtweyI-mJ0ChzAPvwaqr,https://drive.google.com/uc?export=view&id=1Xh_HNJuAMx20445nC_OXvE-JhuHRwngA,,
https://drive.google.com/uc?export=view&id=10DH-S-MSAUy1BC-U9xMSEWl8emVrQuVb,https://drive.google.com/drive/folders/12Pox6QwL4b4mBVHIplxoOWN53LYXPjIy,Stylized_Wood_Shingles_002,https://drive.google.com/uc?export=view&id=1-ukMv04jTEJ7jCEBUg94vnsllPrKKf1w,https://drive.google.com/uc?export=view&id=17iAJy0deHFcthy4NeUbafkuOvjCNsd_f,https://drive.google.com/uc?export=view&id=1oyK8aLdbNhAaMqIA_euRwVm8hR0p5m2S,https://drive.google.com/uc?export=view&id=1gkdFyoko7Wpx4vzOwsrggW20sT6LWQ-V,https://drive.google.com/uc?export=view&id=1J-sQ_hrLgjNjsB4IxwTJZUV0t8hkDznE,,
https://drive.google.com/uc?export=view&id=1sLKJ3d-Fz2s_ydVAlVBBujV4qnHvZO3P,https://drive.google.com/drive/folders/15ADXmxge42nELAakZahThHTvu-akFsZf,Stylized_blocks_001,https://drive.google.com/uc?export=view&id=1yR_2DAIWzrbDTMa8uM-CeGBxqP1fkdmy,https://drive.google.com/uc?export=view&id=17EmnGNM__vIkpYbWV1rqKW7XZ1Hj-n_N,https://drive.google.com/uc?export=view&id=14q7fxDczR36UpKgWm_gZgxNJe6Z8IvL-,https://drive.google.com/uc?export=view&id=1ZfP1qldfchKIZtz6Tn8JVob_h37sHN3H,https://drive.google.com/uc?export=view&id=1vJF6DyQ-8lDMrs3_glWRN0LCDjxVjTIl,,
https://drive.google.com/uc?export=view&id=1G_pTK4olKElkISbbg5xW38KL_5ptcTXG,https://drive.google.com/drive/folders/1SyOnrlDdVhz2sbV5RdYkAO-FBzF-Jmra,Stylized_Bark_001,https://drive.google.com/uc?export=view&id=1NmAPBzWJ3EeW-dcpjAvIxE4vo5BeRPuT,https://drive.google.com/uc?export=view&id=1EA4gawj5xaEyjqMDjpoo5Vcdl-h-qzi9,https://drive.google.com/uc?export=view&id=1khwyX3HV7kqa79bG3id4fmxWtE3S0-R8,https://drive.google.com/uc?export=view&id=1bXryy4476CKqJObxRR8xh4JTWZG7Vqtu,https://drive.google.com/uc?export=view&id=1t2vPOts7SoerOcgNHtMCcuIidV4lNjwR,,
https://drive.google.com/uc?export=view&id=1ySd8USnYf1MiOQwK64RiZxNTvuft67t4,https://drive.google.com/drive/folders/1s-bdY1gv1XaQ_muMsTJ8Dz9gthygW_69,Stylized_Wood_Planks_003,https://drive.google.com/uc?export=view&id=1IbN5Lwsgb8tMViFXEK0mKU1I7VfDBXGt,https://drive.google.com/uc?export=view&id=1XRzgD_lqLoV2OqNp1nistA9wikz9S15h,https://drive.google.com/uc?export=view&id=1pCEaXoGzGMwefvng-r-0h6Oj7D51hxJm,https://drive.google.com/uc?export=view&id=1JkJlnPlQkpXY5zzwDhAcdhZb8GltUwul,https://drive.google.com/uc?export=view&id=1ehEVzU1mvWzN_Sr_OFdG1s0Sl6dL19AQ,,
https://drive.google.com/uc?export=view&id=1F7F6eu6HtAN04NOpLZWuLUxLFx49PRza,https://drive.google.com/drive/folders/1IT9E6dTA3dcAHZB9_00yhdNkn1vZTnjs,Stylized_Wood_Planks_001,https://drive.google.com/uc?export=view&id=1ye85e97DDseOlS06OIRUIs7Q7Pywnytj,https://drive.google.com/uc?export=view&id=1UcVCrWkpSVj-GcER2imYfO0zeIhhQb-p,https://drive.google.com/uc?export=view&id=1o8Bk7x-oZ-dHw5iLqs_i6e34-0NzYwcT,https://drive.google.com/uc?export=view&id=1a4kvmy6V-ZDZUVjWMrRQ98yXswm8w_JH,https://drive.google.com/uc?export=view&id=1uxGy1pFi1W-rqatt3UbZW4KabmZwjFC-,,
https://drive.google.com/uc?export=view&id=1Hlt6j0syD8BuOTgC-fX4ABfXuFzwYHV2,https://drive.google.com/drive/folders/1LJrTESw1pjwx11F89_JsseLNn04-Ktj1,Stylized_Wood_Fence_001,https://drive.google.com/uc?export=view&id=1AHRA1YxpCb1hGOGPVbpSwyjJIvhZKHQ4,https://drive.google.com/uc?export=view&id=1t6zy9fyI-XWD69yZjhc3hzY7M63vcF6I,https://drive.google.com/uc?export=view&id=1zBnnf21DyNdSYb1Sh2iKf_LMZhZVLhi6,https://drive.google.com/uc?export=view&id=1LJiZdmpi9cVUgXc1wZ7c43oENRHzCymq,https://drive.google.com/uc?export=view&id=1NWs2xbSHoD_bKOTszh66XU4_d7oUf4g8,,https://drive.google.com/uc?export=view&id=1NALhJMR6XUSXXdoPpLAWq2cdqw_XTKoJ
https://drive.google.com/uc?export=view&id=1xCemCYIV-NLKP6Dr1GYk_L1YXyD2n_sw,https://drive.google.com/drive/folders/1vmPTH9C6z-5_oiCUQgMwYQU5IGpmX3Hz,Stylized_Bark_002,https://drive.google.com/uc?export=view&id=1SFnRNeu4Q5xVvLcqhxlQBgk3Viv_CG-d,https://drive.google.com/uc?export=view&id=1zZqi3gzIlSoZk-ghdV9FAv0k0YNoxGO8,https://drive.google.com/uc?export=view&id=1-79ihnJ8EN3Fm758zW3aPkMlk88iT-Wg,https://drive.google.com/uc?export=view&id=1NFJ9OZt9J7rWpaLv55gXqcnidJWARFZ0,https://drive.google.com/uc?export=view&id=14tbSCtu5H-vC4hu7T2jDY1tZHJ4yH1ov,,
https://drive.google.com/uc?export=view&id=1Ps3VE0IAx_1s5N5t6zWNjL5HeT7lQ3lr,https://drive.google.com/drive/folders/1SUa4zJERNzeww6DO6sj7eYvlJ3X1gMyi,Stylized_Wood_Shingles_001,https://drive.google.com/uc?export=view&id=1S6l5DuRqTTntGKjzYpoT3FZWWdsO0LZT,https://drive.google.com/uc?export=view&id=1uwC1U24CrQ_08lGQin8rryQN2HCnSoPE,https://drive.google.com/uc?export=view&id=1aeoynoLOWiqqE0Bxt-pU76t4nGVEQuib,https://drive.google.com/uc?export=view&id=1atR4crAb7KoPIvZpNIGwX9D4v5gM_FxF,https://drive.google.com/uc?export=view&id=1U94Ko25PjbVC9ghtPoZfAojKjdn3Zr6v,,

https://drive.google.com/uc?export=view&id=1F1yrIZKdSGnP9OCPrvO_MWsLTZxuILvc,https://drive.google.com/drive/folders/1ViH60alP4Q9Zd1l6ksdP8-6uoAa8615X,Stylized_Bark_003,https://drive.google.com/uc?export=view&id=1i-mWxcYy11Do7cm8hXuHSl5QLFG9mHFS,https://drive.google.com/uc?export=view&id=1poXUM6MuXSAx9oqXZ-GPDoTlbxru8Jic,https://drive.google.com/uc?export=view&id=1oQsuNN4V7fgvgQZKMQIv6EvL7LWxzM1i,https://drive.google.com/uc?export=view&id=1i7mAP6c9D_OcpGfwyiGKwqt_w9WGLcqt,https://drive.google.com/uc?export=view&id=1fcCMyTNPicw8bfafu-szzXb6Nw2hjVDZ,,





